"","Habitat","variable","Site","mean","sd","n","se","rel"
"1","Gills","denovo27904","DU",4.85,5.13271242542433,20,0.256635621271216,0.00485
"2","Gills","denovo27904","RI",4.4,3.23865541373097,10,0.323865541373097,0.0044
"3","Gills","denovo27904","WF",1,1.4142135623731,5,0.282842712474619,0.001
"4","Gills","denovo41356","DU",4.5,4.94708845792415,20,0.247354422896207,0.0045
"5","Gills","denovo41356","RI",8.5,9.20446751432272,10,0.920446751432272,0.0085
"6","Gills","denovo41356","WF",1.8,2.04939015319192,5,0.409878030638384,0.0018
"7","Gills","denovo75857","DU",1.35,2.25423577900991,20,0.112711788950496,0.00135
"8","Gills","denovo75857","RI",10.5,10.8857705285386,10,1.08857705285386,0.0105
"9","Gills","denovo75857","WF",2.6,2.30217288664427,5,0.460434577328854,0.0026
"10","Gills","denovo109526","DU",3.85,4.43995021309213,20,0.221997510654606,0.00385
"11","Gills","denovo109526","RI",3.9,4.30632609592498,10,0.430632609592498,0.0039
"12","Gills","denovo109526","WF",1.8,2.04939015319192,5,0.409878030638384,0.0018
"13","Gills","denovo168050","DU",24.85,30.7934972629646,20,1.53967486314823,0.02485
"14","Gills","denovo168050","RI",7.3,13.2165720887747,10,1.32165720887747,0.0073
"15","Gills","denovo168050","WF",6.4,6.10737259384099,5,1.2214745187682,0.0064
"16","Gills","denovo178360","DU",2.3,2.9929742292312,20,0.14964871146156,0.0023
"17","Gills","denovo178360","RI",12.8,11.9517548688234,10,1.19517548688234,0.0128
"18","Gills","denovo178360","WF",3.6,4.09878030638384,5,0.819756061276768,0.0036
"19","Gills","denovo188915","DU",3.8,4.02099751960028,20,0.201049875980014,0.0038
"20","Gills","denovo188915","RI",1.1,1.44913767461894,10,0.144913767461894,0.0011
"21","Gills","denovo188915","WF",0,0,5,0,0
"22","Gills","denovo189681","DU",10.15,9.90627127259878,20,0.495313563629939,0.01015
"23","Gills","denovo189681","RI",3,2.35702260395516,10,0.235702260395516,0.003
"24","Gills","denovo189681","WF",2.6,1.51657508881031,5,0.303315017762062,0.0026
"25","Gills","denovo197867","DU",2.2,2.78340949575384,20,0.139170474787692,0.0022
"26","Gills","denovo197867","RI",3,2.62466929133727,10,0.262466929133727,0.003
"27","Gills","denovo197867","WF",1.2,1.30384048104053,5,0.260768096208106,0.0012
"28","Gills","denovo325256","DU",5.45,5.90695397503298,20,0.295347698751649,0.00545
"29","Gills","denovo325256","RI",3.1,2.7264140062238,10,0.27264140062238,0.0031
"30","Gills","denovo325256","WF",0.6,0.894427190999916,5,0.178885438199983,6e-04
"31","Gills","denovo332829","DU",1.55,3.64872003512695,20,0.182436001756348,0.00155
"32","Gills","denovo332829","RI",27,42.9883705204094,10,4.29883705204094,0.027
"33","Gills","denovo332829","WF",16.4,18.1741574770332,5,3.63483149540663,0.0164
"34","Gills","denovo382441","DU",259.55,261.233606889353,20,13.0616803444677,0.25955
"35","Gills","denovo382441","RI",67.5,47.6777376420764,10,4.76777376420764,0.0675
"36","Gills","denovo382441","WF",295.6,175.626877214167,5,35.1253754428333,0.2956
"37","Gills","denovo484015","DU",5.5,6.59744767235585,20,0.329872383617793,0.0055
"38","Gills","denovo484015","RI",19.1,14.2083699901775,10,1.42083699901775,0.0191
"39","Gills","denovo484015","WF",1.8,2.94957624075052,5,0.589915248150105,0.0018
"40","Gills","denovo509076","DU",2.25,2.69258240356725,20,0.134629120178363,0.00225
"41","Gills","denovo509076","RI",2.2,3.04776785350999,10,0.304776785350999,0.0022
"42","Gills","denovo509076","WF",2.2,2.77488738510232,5,0.554977477020464,0.0022
"43","Gills","denovo537034","DU",14.45,21.9772011052603,20,1.09886005526301,0.01445
"44","Gills","denovo537034","RI",2.2,2.34757558155453,10,0.234757558155453,0.0022
"45","Gills","denovo537034","WF",7.6,7.02139587261678,5,1.40427917452336,0.0076
"46","Gills","denovo563582","DU",3.6,4.69490205043278,20,0.234745102521639,0.0036
"47","Gills","denovo563582","RI",1.6,1.89736659610103,10,0.189736659610103,0.0016
"48","Gills","denovo563582","WF",0,0,5,0,0
"49","Gills","denovo649427","DU",2.65,2.81490394339244,20,0.140745197169622,0.00265
"50","Gills","denovo649427","RI",3.7,4.96767327606977,10,0.496767327606977,0.0037
"51","Gills","denovo649427","WF",1.4,3.13049516849971,5,0.626099033699941,0.0014
"52","Gills","denovo690290","DU",1.6,1.72900945174124,20,0.0864504725870618,0.0016
"53","Gills","denovo690290","RI",1.6,2.17050941281329,10,0.217050941281329,0.0016
"54","Gills","denovo690290","WF",1.2,1.6431676725155,5,0.3286335345031,0.0012
"55","Gills","denovo694227","DU",2.45,2.74293350457613,20,0.137146675228807,0.00245
"56","Gills","denovo694227","RI",4.9,7.03088424974649,10,0.70308842497465,0.0049
"57","Gills","denovo694227","WF",2.6,1.67332005306815,5,0.33466401061363,0.0026
"58","Gills","denovo713257","DU",3.65,4.28307562880989,20,0.214153781440495,0.00365
"59","Gills","denovo713257","RI",2.2,2.89827534923789,10,0.289827534923789,0.0022
"60","Gills","denovo713257","WF",1.2,1.78885438199983,5,0.357770876399966,0.0012
"61","Gills","denovo737280","DU",9.5,12.4541263506476,20,0.62270631753238,0.0095
"62","Gills","denovo737280","RI",3.3,6.36046818682049,10,0.636046818682049,0.0033
"63","Gills","denovo737280","WF",7,9.79795897113271,5,1.95959179422654,0.007
"64","Gills","denovo745024","DU",5.25,6.33183269386975,20,0.316591634693488,0.00525
"65","Gills","denovo745024","RI",0.4,0.699205898780101,10,0.0699205898780101,4e-04
"66","Gills","denovo745024","WF",2,3.39116499156263,5,0.678232998312527,0.002
"67","Gills","denovo806217","DU",4.35,4.46359543535548,20,0.223179771767774,0.00435
"68","Gills","denovo806217","RI",3.4,3.50238014308365,10,0.350238014308365,0.0034
"69","Gills","denovo806217","WF",6.4,6.8044103344816,5,1.36088206689632,0.0064
"70","Gills","denovo818245","DU",2.55,4.2236801114917,20,0.211184005574585,0.00255
"71","Gills","denovo818245","RI",2,2.44948974278318,10,0.244948974278318,0.002
"72","Gills","denovo818245","WF",2.4,1.81659021245849,5,0.363318042491699,0.0024
"73","Gills","denovo918728","DU",4,4.67918121492481,20,0.233959060746241,0.004
"74","Gills","denovo918728","RI",2.9,2.55821118057999,10,0.255821118057999,0.0029
"75","Gills","denovo918728","WF",3.4,3.286335345031,5,0.657267069006199,0.0034
"76","Gills","denovo937800","DU",6.65,6.97570973563189,20,0.348785486781594,0.00665
"77","Gills","denovo937800","RI",2.5,2.50554939639548,10,0.250554939639548,0.0025
"78","Gills","denovo937800","WF",3.2,4.96990945591567,5,0.993981891183134,0.0032
"79","Gills","denovo947874","DU",6.7,6.48155277042388,20,0.324077638521194,0.0067
"80","Gills","denovo947874","RI",5.8,6.47731082746193,10,0.647731082746193,0.0058
"81","Gills","denovo947874","WF",3.8,2.58843582110896,5,0.517687164221791,0.0038
"82","Sed","denovo27904","DU",13.56,5.99714217654662,50,0.119942843530932,0.01356
"83","Sed","denovo27904","RI",12.1333333333333,6.91691247312842,30,0.230563749104281,0.0121333333333333
"84","Sed","denovo27904","WF",1.79166666666667,1.35065738154383,24,0.0562773908976597,0.00179166666666667
"85","Sed","denovo41356","DU",0.14,0.452205479752698,50,0.00904410959505395,0.00014
"86","Sed","denovo41356","RI",0.1,0.305128576629365,30,0.0101709525543122,1e-04
"87","Sed","denovo41356","WF",0.666666666666667,1.37260991217989,24,0.0571920796741622,0.000666666666666667
"88","Sed","denovo75857","DU",1.42,1.72721316175001,50,0.0345442632350001,0.00142
"89","Sed","denovo75857","RI",0.266666666666667,0.691491807283521,30,0.0230497269094507,0.000266666666666667
"90","Sed","denovo75857","WF",1.33333333333333,1.92617364937231,24,0.0802572353905128,0.00133333333333333
"91","Sed","denovo109526","DU",5.1,2.49284690951645,50,0.049856938190329,0.0051
"92","Sed","denovo109526","RI",4.86666666666667,3.30864419918214,30,0.110288139972738,0.00486666666666667
"93","Sed","denovo109526","WF",2.75,1.87082869338697,24,0.0779511955577904,0.00275
"94","Sed","denovo168050","DU",18.62,13.8311833424715,50,0.27662366684943,0.01862
"95","Sed","denovo168050","RI",11.5333333333333,7.07464308022982,30,0.235821436007661,0.0115333333333333
"96","Sed","denovo168050","WF",25.8333333333333,8.33883876112603,24,0.347451615046918,0.0258333333333333
"97","Sed","denovo178360","DU",2.36,1.68740834974096,50,0.0337481669948192,0.00236
"98","Sed","denovo178360","RI",17.8333333333333,8.94844749907369,30,0.298281583302456,0.0178333333333333
"99","Sed","denovo178360","WF",12.125,8.55322212360068,24,0.356384255150028,0.012125
"100","Sed","denovo188915","DU",15.84,5.76180243907571,50,0.115236048781514,0.01584
"101","Sed","denovo188915","RI",8.33333333333333,3.79049021789452,30,0.126349673929817,0.00833333333333333
"102","Sed","denovo188915","WF",1.58333333333333,1.24818709114169,24,0.0520077954642371,0.00158333333333333
"103","Sed","denovo189681","DU",21.24,7.47938663860854,50,0.149587732772171,0.02124
"104","Sed","denovo189681","RI",10.6666666666667,6.89994169557242,30,0.229998056519081,0.0106666666666667
"105","Sed","denovo189681","WF",5.41666666666667,3.37402696655117,24,0.140584456939632,0.00541666666666667
"106","Sed","denovo197867","DU",9.34,3.57205708755259,50,0.0714411417510518,0.00934
"107","Sed","denovo197867","RI",11.7666666666667,8.53666870879257,30,0.284555623626419,0.0117666666666667
"108","Sed","denovo197867","WF",15.4583333333333,8.37168710162631,24,0.348820295901096,0.0154583333333333
"109","Sed","denovo325256","DU",19.02,15.8184727971019,50,0.316369455942038,0.01902
"110","Sed","denovo325256","RI",39.4666666666667,17.030871225884,30,0.567695707529467,0.0394666666666667
"111","Sed","denovo325256","WF",41.375,27.5125465450093,24,1.14635610604206,0.041375
"112","Sed","denovo332829","DU",0,0,50,0,0
"113","Sed","denovo332829","RI",0.0666666666666667,0.365148371670111,30,0.0121716123890037,6.66666666666667e-05
"114","Sed","denovo332829","WF",0,0,24,0,0
"115","Sed","denovo382441","DU",0.02,0.14142135623731,50,0.00282842712474619,2e-05
"116","Sed","denovo382441","RI",0,0,30,0,0
"117","Sed","denovo382441","WF",0,0,24,0,0
"118","Sed","denovo484015","DU",32.96,21.9246948644208,50,0.438493897288416,0.03296
"119","Sed","denovo484015","RI",30.6333333333333,18.4119214253894,30,0.613730714179646,0.0306333333333333
"120","Sed","denovo484015","WF",7.875,6.14542954949661,24,0.256059564562359,0.007875
"121","Sed","denovo509076","DU",11.26,9.11112797963153,50,0.182222559592631,0.01126
"122","Sed","denovo509076","RI",23.1333333333333,13.7432951259711,30,0.458109837532369,0.0231333333333333
"123","Sed","denovo509076","WF",33.0416666666667,16.2600582026518,24,0.677502425110491,0.0330416666666667
"124","Sed","denovo537034","DU",0.08,0.27404751561787,50,0.00548095031235739,8e-05
"125","Sed","denovo537034","RI",0.1,0.305128576629365,30,0.0101709525543122,1e-04
"126","Sed","denovo537034","WF",0.291666666666667,0.750603621828092,24,0.0312751509095038,0.000291666666666667
"127","Sed","denovo563582","DU",4.8,3.85978745317323,50,0.0771957490634645,0.0048
"128","Sed","denovo563582","RI",5.53333333333333,3.85722191733121,30,0.12857406391104,0.00553333333333333
"129","Sed","denovo563582","WF",2.54166666666667,1.6934443076725,24,0.0705601794863543,0.00254166666666667
"130","Sed","denovo649427","DU",0.74,0.964893988043902,50,0.019297879760878,0.00074
"131","Sed","denovo649427","RI",1.13333333333333,1.07425461996016,30,0.0358084873320053,0.00113333333333333
"132","Sed","denovo649427","WF",0.791666666666667,1.17876747224514,24,0.0491153113435474,0.000791666666666667
"133","Sed","denovo690290","DU",0.6,2.14761376833899,50,0.0429522753667797,6e-04
"134","Sed","denovo690290","RI",1.7,4.65462321153703,30,0.155154107051234,0.0017
"135","Sed","denovo690290","WF",0.666666666666667,2.64848876788692,24,0.110353698661955,0.000666666666666667
"136","Sed","denovo694227","DU",1.56,1.56700676580595,50,0.0313401353161191,0.00156
"137","Sed","denovo694227","RI",2.83333333333333,2.3501039350946,30,0.0783367978364867,0.00283333333333333
"138","Sed","denovo694227","WF",6.75,6.78393242378156,24,0.282663850990898,0.00675
"139","Sed","denovo713257","DU",1.8,1.59078981795143,50,0.0318157963590287,0.0018
"140","Sed","denovo713257","RI",2.73333333333333,2.70291456143859,30,0.0900971520479531,0.00273333333333333
"141","Sed","denovo713257","WF",1.41666666666667,0.775531608229039,24,0.0323138170095433,0.00141666666666667
"142","Sed","denovo737280","DU",1.44,1.3576690709162,50,0.0271533814183239,0.00144
"143","Sed","denovo737280","RI",3.4,2.77426597934263,30,0.0924755326447544,0.0034
"144","Sed","denovo737280","WF",10.9166666666667,11.7396269352867,24,0.489151122303615,0.0109166666666667
"145","Sed","denovo745024","DU",4.52,2.86598631382294,50,0.0573197262764588,0.00452
"146","Sed","denovo745024","RI",2.03333333333333,2.09240553419748,30,0.0697468511399159,0.00203333333333333
"147","Sed","denovo745024","WF",2.875,2.19312165843476,24,0.0913800691014485,0.002875
"148","Sed","denovo806217","DU",5.88,2.23734536576593,50,0.0447469073153186,0.00588
"149","Sed","denovo806217","RI",10.3,4.17835143204293,30,0.139278381068098,0.0103
"150","Sed","denovo806217","WF",10.4583333333333,9.54157569097823,24,0.39756565379076,0.0104583333333333
"151","Sed","denovo818245","DU",0.92,3.03610921800805,50,0.0607221843601611,0.00092
"152","Sed","denovo818245","RI",2.06666666666667,6.1808008259913,30,0.20602669419971,0.00206666666666667
"153","Sed","denovo818245","WF",0.583333333333333,2.44801013543417,24,0.102000422309757,0.000583333333333333
"154","Sed","denovo918728","DU",10.96,4.15004302903682,50,0.0830008605807365,0.01096
"155","Sed","denovo918728","RI",6.4,2.87198117369682,30,0.095732705789894,0.0064
"156","Sed","denovo918728","WF",5.25,3.09628107925284,24,0.129011711635535,0.00525
"157","Sed","denovo937800","DU",7.34,4.03358350829227,50,0.0806716701658453,0.00734
"158","Sed","denovo937800","RI",7.76666666666667,3.57851185920024,30,0.119283728640008,0.00776666666666667
"159","Sed","denovo937800","WF",5.125,3.63930834326954,24,0.151637847636231,0.005125
"160","Sed","denovo947874","DU",1.84,1.62078338327804,50,0.0324156676655608,0.00184
"161","Sed","denovo947874","RI",2.3,1.44198139545127,30,0.0480660465150423,0.0023
"162","Sed","denovo947874","WF",10.2083333333333,19.4444116631884,24,0.810183819299516,0.0102083333333333
"163","Stomach","denovo27904","DU",3.625,3.20156211871642,16,0.200097632419777,0.003625
"164","Stomach","denovo27904","RI",6.75,4.46414285485707,8,0.558017856857134,0.00675
"165","Stomach","denovo27904","WF",0.2,0.447213595499958,5,0.0894427190999916,2e-04
"166","Stomach","denovo41356","DU",21.75,18.7953895055853,16,1.17471184409908,0.02175
"167","Stomach","denovo41356","RI",8.125,9.35700654208233,8,1.16962581776029,0.008125
"168","Stomach","denovo41356","WF",4.2,3.56370593624109,5,0.712741187248218,0.0042
"169","Stomach","denovo75857","DU",3.6875,5.68880479538541,16,0.355550299711588,0.0036875
"170","Stomach","denovo75857","RI",12.75,15.2947236466885,8,1.91184045583606,0.01275
"171","Stomach","denovo75857","WF",1,1.22474487139159,5,0.244948974278318,0.001
"172","Stomach","denovo109526","DU",3.4375,4.76051467805741,16,0.297532167378588,0.0034375
"173","Stomach","denovo109526","RI",1.375,1.99553072067128,8,0.249441340083911,0.001375
"174","Stomach","denovo109526","WF",0.8,1.30384048104053,5,0.260768096208106,8e-04
"175","Stomach","denovo168050","DU",37.875,40.4374001801962,16,2.52733751126226,0.037875
"176","Stomach","denovo168050","RI",18.375,22.2898920076856,8,2.7862365009607,0.018375
"177","Stomach","denovo168050","WF",8.4,8.67755725996665,5,1.73551145199333,0.0084
"178","Stomach","denovo178360","DU",2.375,2.68017412369669,16,0.167510882731043,0.002375
"179","Stomach","denovo178360","RI",13.875,8.65922299384551,8,1.08240287423069,0.013875
"180","Stomach","denovo178360","WF",10.6,6.46529195009785,5,1.29305839001957,0.0106
"181","Stomach","denovo188915","DU",2.0625,2.90903764155777,16,0.181814852597361,0.0020625
"182","Stomach","denovo188915","RI",3.25,3.19597961731387,8,0.399497452164234,0.00325
"183","Stomach","denovo188915","WF",0.8,1.78885438199983,5,0.357770876399966,8e-04
"184","Stomach","denovo189681","DU",6.3125,6.56981734905926,16,0.410613584316204,0.0063125
"185","Stomach","denovo189681","RI",5.375,7.61460063674667,8,0.951825079593334,0.005375
"186","Stomach","denovo189681","WF",1,1.73205080756888,5,0.346410161513775,0.001
"187","Stomach","denovo197867","DU",1.5,2.58198889747161,16,0.161374306091976,0.0015
"188","Stomach","denovo197867","RI",3,3.38061701891407,8,0.422577127364258,0.003
"189","Stomach","denovo197867","WF",2.2,2.28035085019828,5,0.456070170039655,0.0022
"190","Stomach","denovo325256","DU",2.6875,3.30088372005639,16,0.206305232503525,0.0026875
"191","Stomach","denovo325256","RI",3.5,7.23088613419644,8,0.903860766774555,0.0035
"192","Stomach","denovo325256","WF",4,4.79583152331272,5,0.959166304662544,0.004
"193","Stomach","denovo332829","DU",71.1875,128.436868408828,16,8.02730427555177,0.0711875
"194","Stomach","denovo332829","RI",27.5,42.888559913205,8,5.36106998915062,0.0275
"195","Stomach","denovo332829","WF",520.8,193.524417064101,5,38.7048834128201,0.5208
"196","Stomach","denovo382441","DU",78.1875,174.09890627648,16,10.88118164228,0.0781875
"197","Stomach","denovo382441","RI",72.5,87.7366188413611,8,10.9670773551701,0.0725
"198","Stomach","denovo382441","WF",5,4.89897948556636,5,0.979795897113271,0.005
"199","Stomach","denovo484015","DU",10.125,19.8153980530294,16,1.23846237831434,0.010125
"200","Stomach","denovo484015","RI",15.25,11.0808715490125,8,1.38510894362656,0.01525
"201","Stomach","denovo484015","WF",4.2,6.01664358259653,5,1.20332871651931,0.0042
"202","Stomach","denovo509076","DU",3.6875,4.68641654145254,16,0.292901033840784,0.0036875
"203","Stomach","denovo509076","RI",3.125,5.35690475661352,8,0.66961309457669,0.003125
"204","Stomach","denovo509076","WF",8.2,9.5236547606473,5,1.90473095212946,0.0082
"205","Stomach","denovo537034","DU",93.1875,126.366250109223,16,7.89789063182643,0.0931875
"206","Stomach","denovo537034","RI",4.125,4.18969825030054,8,0.523712281287568,0.004125
"207","Stomach","denovo537034","WF",5,3.74165738677394,5,0.748331477354788,0.005
"208","Stomach","denovo563582","DU",2.75,3.08760964717584,16,0.19297560294849,0.00275
"209","Stomach","denovo563582","RI",2.25,2.37546987833084,8,0.296933734791355,0.00225
"210","Stomach","denovo563582","WF",0.4,0.547722557505166,5,0.109544511501033,4e-04
"211","Stomach","denovo649427","DU",1.875,2.5,16,0.15625,0.001875
"212","Stomach","denovo649427","RI",2.75,2.25198325291921,8,0.281497906614901,0.00275
"213","Stomach","denovo649427","WF",4.4,6.58027355054484,5,1.31605471010897,0.0044
"214","Stomach","denovo690290","DU",3.625,3.0523215208537,16,0.190770095053356,0.003625
"215","Stomach","denovo690290","RI",1.5,1.19522860933439,8,0.149403576166799,0.0015
"216","Stomach","denovo690290","WF",5.8,9.83361581515162,5,1.96672316303032,0.0058
"217","Stomach","denovo694227","DU",6.5625,8.13198417771866,16,0.508249011107416,0.0065625
"218","Stomach","denovo694227","RI",4.875,7.49166203188585,8,0.936457753985731,0.004875
"219","Stomach","denovo694227","WF",13,14.4395290781937,5,2.88790581563873,0.013
"220","Stomach","denovo713257","DU",2.25,2.79284800875379,16,0.174553000547112,0.00225
"221","Stomach","denovo713257","RI",1.125,1.5526475085203,8,0.194080938565037,0.001125
"222","Stomach","denovo713257","WF",1.6,2.30217288664427,5,0.460434577328854,0.0016
"223","Stomach","denovo737280","DU",7.75,17.4183810958424,16,1.08864881849015,0.00775
"224","Stomach","denovo737280","RI",2.25,4.20034012228262,8,0.525042515285327,0.00225
"225","Stomach","denovo737280","WF",5.6,6.84105255059483,5,1.36821051011897,0.0056
"226","Stomach","denovo745024","DU",4.3125,6.83831119502469,16,0.427394449689043,0.0043125
"227","Stomach","denovo745024","RI",1.5,1.69030850945703,8,0.211288563682129,0.0015
"228","Stomach","denovo745024","WF",2,1.58113883008419,5,0.316227766016838,0.002
"229","Stomach","denovo806217","DU",3.8125,6.05770858768671,16,0.378606786730419,0.0038125
"230","Stomach","denovo806217","RI",4,4.47213595499958,8,0.559016994374947,0.004
"231","Stomach","denovo806217","WF",2,1.87082869338697,5,0.374165738677394,0.002
"232","Stomach","denovo818245","DU",4.125,4.75920161371632,16,0.29745010085727,0.004125
"233","Stomach","denovo818245","RI",2.75,3.32737562824346,8,0.415921953530433,0.00275
"234","Stomach","denovo818245","WF",5.8,8.84307638777366,5,1.76861527755473,0.0058
"235","Stomach","denovo918728","DU",2.75,4.68330367724893,16,0.292706479828058,0.00275
"236","Stomach","denovo918728","RI",3.375,3.29230705042615,8,0.411538381303268,0.003375
"237","Stomach","denovo918728","WF",2,2.54950975679639,5,0.509901951359278,0.002
"238","Stomach","denovo937800","DU",5.8125,7.35951764723749,16,0.459969852952343,0.0058125
"239","Stomach","denovo937800","RI",4.125,4.12093955999634,8,0.515117444999543,0.004125
"240","Stomach","denovo937800","WF",1.6,2.30217288664427,5,0.460434577328854,0.0016
"241","Stomach","denovo947874","DU",3.4375,4.01611337821365,16,0.251007086138353,0.0034375
"242","Stomach","denovo947874","RI",2.75,2.91547594742265,8,0.364434493427831,0.00275
"243","Stomach","denovo947874","WF",1.4,1.94935886896179,5,0.389871773792359,0.0014
"244","Water","denovo27904","DU",1.75,2.56284642891099,12,0.213570535742583,0.00175
"245","Water","denovo27904","RI",1.42857142857143,1.90237946242268,7,0.271768494631812,0.00142857142857143
"246","Water","denovo27904","WF",0.5,0.707106781186548,2,0.353553390593274,5e-04
"247","Water","denovo41356","DU",4.58333333333333,5.26494985443328,12,0.438745821202773,0.00458333333333333
"248","Water","denovo41356","RI",7.14285714285714,10.3025655612016,7,1.47179508017166,0.00714285714285714
"249","Water","denovo41356","WF",3,2.82842712474619,2,1.4142135623731,0.003
"250","Water","denovo75857","DU",2.66666666666667,4.90516116560976,12,0.40876343046748,0.00266666666666667
"251","Water","denovo75857","RI",0,0,7,0,0
"252","Water","denovo75857","WF",0.5,0.707106781186548,2,0.353553390593274,5e-04
"253","Water","denovo109526","DU",1.5,1.38169855941551,12,0.11514154661796,0.0015
"254","Water","denovo109526","RI",0.142857142857143,0.377964473009227,7,0.0539949247156039,0.000142857142857143
"255","Water","denovo109526","WF",0,0,2,0,0
"256","Water","denovo168050","DU",82.5833333333333,51.7695212778072,12,4.3141267731506,0.0825833333333333
"257","Water","denovo168050","RI",19.2857142857143,28.323807922631,7,4.04625827466157,0.0192857142857143
"258","Water","denovo168050","WF",40,29.698484809835,2,14.8492424049175,0.04
"259","Water","denovo178360","DU",0,0,12,0,0
"260","Water","denovo178360","RI",0.857142857142857,1.4638501094228,7,0.209121444203257,0.000857142857142857
"261","Water","denovo178360","WF",18.5,17.6776695296637,2,8.83883476483184,0.0185
"262","Water","denovo188915","DU",1.08333333333333,2.02072594216369,12,0.168393828513641,0.00108333333333333
"263","Water","denovo188915","RI",0.571428571428571,1.51185789203691,7,0.215979698862416,0.000571428571428571
"264","Water","denovo188915","WF",1.5,2.12132034355964,2,1.06066017177982,0.0015
"265","Water","denovo189681","DU",5,2.95419578350399,12,0.246182981958665,0.005
"266","Water","denovo189681","RI",3.85714285714286,6.12178000880385,7,0.874540001257693,0.00385714285714286
"267","Water","denovo189681","WF",4.5,2.12132034355964,2,1.06066017177982,0.0045
"268","Water","denovo197867","DU",0.166666666666667,0.389249472080761,12,0.0324374560067301,0.000166666666666667
"269","Water","denovo197867","RI",0.428571428571429,0.786795792469443,7,0.112399398924206,0.000428571428571429
"270","Water","denovo197867","WF",1.5,2.12132034355964,2,1.06066017177982,0.0015
"271","Water","denovo325256","DU",9,13.2733499231286,12,1.10611249359405,0.009
"272","Water","denovo325256","RI",6.85714285714286,14.7244532601222,7,2.1034933228746,0.00685714285714286
"273","Water","denovo325256","WF",22,1.4142135623731,2,0.707106781186548,0.022
"274","Water","denovo332829","DU",0,0,12,0,0
"275","Water","denovo332829","RI",0,0,7,0,0
"276","Water","denovo332829","WF",0,0,2,0,0
"277","Water","denovo382441","DU",0,0,12,0,0
"278","Water","denovo382441","RI",0,0,7,0,0
"279","Water","denovo382441","WF",0,0,2,0,0
"280","Water","denovo484015","DU",2.83333333333333,5.00605693741153,12,0.41717141145096,0.00283333333333333
"281","Water","denovo484015","RI",1.28571428571429,2.21466970556828,7,0.316381386509755,0.00128571428571429
"282","Water","denovo484015","WF",12,4.24264068711928,2,2.12132034355964,0.012
"283","Water","denovo509076","DU",1.58333333333333,1.62135371797393,12,0.135112809831161,0.00158333333333333
"284","Water","denovo509076","RI",0.714285714285714,1.25356634105602,7,0.179080905865145,0.000714285714285714
"285","Water","denovo509076","WF",41,22.6274169979695,2,11.3137084989848,0.041
"286","Water","denovo537034","DU",0.5,1.44599761096244,12,0.120499800913537,5e-04
"287","Water","denovo537034","RI",0.285714285714286,0.755928946018454,7,0.107989849431208,0.000285714285714286
"288","Water","denovo537034","WF",3.5,3.53553390593274,2,1.76776695296637,0.0035
"289","Water","denovo563582","DU",0.25,0.452267016866645,12,0.0376889180722205,0.00025
"290","Water","denovo563582","RI",0.142857142857143,0.377964473009227,7,0.0539949247156039,0.000142857142857143
"291","Water","denovo563582","WF",0.5,0.707106781186548,2,0.353553390593274,5e-04
"292","Water","denovo649427","DU",0.0833333333333333,0.288675134594813,12,0.0240562612162344,8.33333333333333e-05
"293","Water","denovo649427","RI",0.285714285714286,0.487950036474267,7,0.0697071480677524,0.000285714285714286
"294","Water","denovo649427","WF",2.5,0.707106781186548,2,0.353553390593274,0.0025
"295","Water","denovo690290","DU",11.75,18.650493534781,12,1.55420779456509,0.01175
"296","Water","denovo690290","RI",43.2857142857143,52.3154352166238,7,7.47363360237483,0.0432857142857143
"297","Water","denovo690290","WF",33.5,47.3761543394987,2,23.6880771697493,0.0335
"298","Water","denovo694227","DU",7.25,5.94099777356081,12,0.495083147796735,0.00725
"299","Water","denovo694227","RI",4.42857142857143,5.68205194324324,7,0.811721706177606,0.00442857142857143
"300","Water","denovo694227","WF",18,19.7989898732233,2,9.89949493661167,0.018
"301","Water","denovo713257","DU",0.0833333333333333,0.288675134594813,12,0.0240562612162344,8.33333333333333e-05
"302","Water","denovo713257","RI",0.142857142857143,0.377964473009227,7,0.0539949247156039,0.000142857142857143
"303","Water","denovo713257","WF",1.5,0.707106781186548,2,0.353553390593274,0.0015
"304","Water","denovo737280","DU",14.5,9.58692291139816,12,0.798910242616513,0.0145
"305","Water","denovo737280","RI",8.28571428571429,11.6435144424451,7,1.66335920606359,0.00828571428571429
"306","Water","denovo737280","WF",10,7.07106781186548,2,3.53553390593274,0.01
"307","Water","denovo745024","DU",1.25,2.34035739306473,12,0.195029782755394,0.00125
"308","Water","denovo745024","RI",1.28571428571429,3.40168025708304,7,0.485954322440435,0.00128571428571429
"309","Water","denovo745024","WF",8.5,9.19238815542512,2,4.59619407771256,0.0085
"310","Water","denovo806217","DU",0.916666666666667,1.16450015288132,12,0.0970416794067763,0.000916666666666667
"311","Water","denovo806217","RI",0.857142857142857,1.21498579258791,7,0.17356939894113,0.000857142857142857
"312","Water","denovo806217","WF",5.5,6.36396103067893,2,3.18198051533946,0.0055
"313","Water","denovo818245","DU",18.8333333333333,21.018750647645,12,1.75156255397042,0.0188333333333333
"314","Water","denovo818245","RI",83.2857142857143,120.288146112733,7,17.1840208732475,0.0832857142857143
"315","Water","denovo818245","WF",78.5,111.015764646288,2,55.507882323144,0.0785
"316","Water","denovo918728","DU",0.666666666666667,1.37068883368468,12,0.114224069473724,0.000666666666666667
"317","Water","denovo918728","RI",1.57142857142857,2.93582145558064,7,0.419403065082948,0.00157142857142857
"318","Water","denovo918728","WF",4,1.4142135623731,2,0.707106781186548,0.004
"319","Water","denovo937800","DU",0.75,0.753778361444409,12,0.0628148634537008,0.00075
"320","Water","denovo937800","RI",1,2.23606797749979,7,0.31943828249997,0.001
"321","Water","denovo937800","WF",15,11.3137084989848,2,5.65685424949238,0.015
"322","Water","denovo947874","DU",77.1666666666667,25.3155838936965,12,2.10963199114138,0.0771666666666667
"323","Water","denovo947874","RI",53.1428571428571,47.2314463446709,7,6.74734947781013,0.0531428571428571
"324","Water","denovo947874","WF",11,12.7279220613579,2,6.36396103067893,0.011
